Coin,Timeframe,Model,MAE,RMSE
BTC,1h,LSTM,1443.9515245535706,2093.64158161008
BTC,1h,GRU,1188.7814174107143,1560.045719420191
BTC,4h,LSTM,1351.4669218749998,1985.1689357687821
BTC,4h,GRU,810.1948091517852,1235.158098660852
ETH,1h,LSTM,98.31345033482141,117.00003872177994
ETH,1h,GRU,54.54631776646204,66.77300725167163
ETH,4h,LSTM,72.4990559779576,96.10130643805661
ETH,4h,GRU,51.000262172154024,69.72847248385318
