Coin,Timeframe,Model,MAE,RMSE
BTC,1h,LSTM,12688.035341422872,15001.328538124928
BTC,1h,GRU,11352.73026462766,13510.961134142623
BTC,4h,LSTM,5544.576913397606,6055.845442673194
BTC,4h,GRU,5394.942201462766,6309.4041105037195
ETH,1h,LSTM,569.1358931183511,667.3299079975993
ETH,1h,GRU,613.8751918633644,709.1376655860463
ETH,4h,LSTM,136.6694983014046,185.33937288185416
ETH,4h,GRU,183.121785997756,222.56451511368252
